Workbook

Sheet Dashboard
A1: Club Attendance
A3: Active members | B3: =COUNTIF('Members'!E2:E1000,"Active") | C3: Meetings | D3: =COUNT('Meetings'!A2:A1000) | E3: Average attendance | F3: =IFERROR(SUM('Attendance'!AS2:AS1000)/(SUM('Attendance'!AS2:AS1000)+SUM('Attendance'!AT2:AT1000)),"")
A4: Total present | B4: =SUM('Attendance'!AS2:AS1000) | C4: Rejected responses | D4: =COUNTIF('Responses'!D2:D5000,"REJECTED") | E4: Registrations to review | F4: =COUNTIF('Registrations'!D2:D5000,"REVIEW")
A5: Unverified emails | B5: =COUNTIF('Members'!F2:F1000,"Unverified")
A7: ATTENDANCE FORM
A8: Form link
A9: Edit link
A10: QR image URL
A11: QR code
A12: Status
A14: REGISTRATION FORM
A15: Form link
A16: Edit link
A17: QR image URL
A18: QR code

Sheet Members
A1: ID | B1: Name | C1: Class | D1: Email | E1: Status | F1: Email Status | G1: Graduation Year | H1: Note

Sheet Meetings
A1: Date | B1: Start | C1: End | D1: Code | E1: Note

Sheet Attendance
A1: ID | B1: Name | C1: Class | D1: Status | E1: =IF(INDEX('Meetings'!$A:$A,COLUMN()-3)="","",INDEX('Meetings'!$A:$A,COLUMN()-3)) | F1: =IF(INDEX('Meetings'!$A:$A,COLUMN()-3)="","",INDEX('Meetings'!$A:$A,COLUMN()-3)) | G1: =IF(INDEX('Meetings'!$A:$A,COLUMN()-3)="","",INDEX('Meetings'!$A:$A,COLUMN()-3)) | H1: =IF(INDEX('Meetings'!$A:$A,COLUMN()-3)="","",INDEX('Meetings'!$A:$A,COLUMN()-3)) | I1: =IF(INDEX('Meetings'!$A:$A,COLUMN()-3)="","",INDEX('Meetings'!$A:$A,COLUMN()-3)) | J1: =IF(INDEX('Meetings'!$A:$A,COLUMN()-3)="","",INDEX('Meetings'!$A:$A,COLUMN()-3)) | K1: =IF(INDEX('Meetings'!$A:$A,COLUMN()-3)="","",INDEX('Meetings'!$A:$A,COLUMN()-3)) | L1: =IF(INDEX('Meetings'!$A:$A,COLUMN()-3)="","",INDEX('Meetings'!$A:$A,COLUMN()-3)) | ... AR1: =IF(INDEX('Meetings'!$A:$A,COLUMN()-3)="","",INDEX('Meetings'!$A:$A,COLUMN()-3)) | AS1: Present | AT1: Absent | AU1: Rate

Sheet Report
A1: Date | B1: Start | C1: Present | D1: Absent | E1: Rate | F1: Note
A2: =IF(INDEX('Meetings'!$A:$A,ROW())="","",INDEX('Meetings'!$A:$A,ROW())) | B2: =IF(INDEX('Meetings'!$A:$A,ROW())="","",INDEX('Meetings'!$B:$B,ROW())) | C2: =IF($A2="","",COUNTIF(INDEX('Attendance'!$E$2:$AR$1000,0,ROW()-1),"PRESENT")) | D2: =IF($A2="","",COUNTIF(INDEX('Attendance'!$E$2:$AR$1000,0,ROW()-1),"ABSENT")) | E2: =IF($A2="","",IFERROR(C2/(C2+D2),"")) | F2: =IF(INDEX('Meetings'!$E:$E,ROW())="","",INDEX('Meetings'!$E:$E,ROW()))
A3: =IF(INDEX('Meetings'!$A:$A,ROW())="","",INDEX('Meetings'!$A:$A,ROW())) | B3: =IF(INDEX('Meetings'!$A:$A,ROW())="","",INDEX('Meetings'!$B:$B,ROW())) | C3: =IF($A3="","",COUNTIF(INDEX('Attendance'!$E$2:$AR$1000,0,ROW()-1),"PRESENT")) | D3: =IF($A3="","",COUNTIF(INDEX('Attendance'!$E$2:$AR$1000,0,ROW()-1),"ABSENT")) | E3: =IF($A3="","",IFERROR(C3/(C3+D3),"")) | F3: =IF(INDEX('Meetings'!$E:$E,ROW())="","",INDEX('Meetings'!$E:$E,ROW()))
A4: =IF(INDEX('Meetings'!$A:$A,ROW())="","",INDEX('Meetings'!$A:$A,ROW())) | B4: =IF(INDEX('Meetings'!$A:$A,ROW())="","",INDEX('Meetings'!$B:$B,ROW())) | C4: =IF($A4="","",COUNTIF(INDEX('Attendance'!$E$2:$AR$1000,0,ROW()-1),"PRESENT")) | D4: =IF($A4="","",COUNTIF(INDEX('Attendance'!$E$2:$AR$1000,0,ROW()-1),"ABSENT")) | E4: =IF($A4="","",IFERROR(C4/(C4+D4),"")) | F4: =IF(INDEX('Meetings'!$E:$E,ROW())="","",INDEX('Meetings'!$E:$E,ROW()))
A5: =IF(INDEX('Meetings'!$A:$A,ROW())="","",INDEX('Meetings'!$A:$A,ROW())) | B5: =IF(INDEX('Meetings'!$A:$A,ROW())="","",INDEX('Meetings'!$B:$B,ROW())) | C5: =IF($A5="","",COUNTIF(INDEX('Attendance'!$E$2:$AR$1000,0,ROW()-1),"PRESENT")) | D5: =IF($A5="","",COUNTIF(INDEX('Attendance'!$E$2:$AR$1000,0,ROW()-1),"ABSENT")) | E5: =IF($A5="","",IFERROR(C5/(C5+D5),"")) | F5: =IF(INDEX('Meetings'!$E:$E,ROW())="","",INDEX('Meetings'!$E:$E,ROW()))
A6: =IF(INDEX('Meetings'!$A:$A,ROW())="","",INDEX('Meetings'!$A:$A,ROW())) | B6: =IF(INDEX('Meetings'!$A:$A,ROW())="","",INDEX('Meetings'!$B:$B,ROW())) | C6: =IF($A6="","",COUNTIF(INDEX('Attendance'!$E$2:$AR$1000,0,ROW()-1),"PRESENT")) | D6: =IF($A6="","",COUNTIF(INDEX('Attendance'!$E$2:$AR$1000,0,ROW()-1),"ABSENT")) | E6: =IF($A6="","",IFERROR(C6/(C6+D6),"")) | F6: =IF(INDEX('Meetings'!$E:$E,ROW())="","",INDEX('Meetings'!$E:$E,ROW()))
A7: =IF(INDEX('Meetings'!$A:$A,ROW())="","",INDEX('Meetings'!$A:$A,ROW())) | B7: =IF(INDEX('Meetings'!$A:$A,ROW())="","",INDEX('Meetings'!$B:$B,ROW())) | C7: =IF($A7="","",COUNTIF(INDEX('Attendance'!$E$2:$AR$1000,0,ROW()-1),"PRESENT")) | D7: =IF($A7="","",COUNTIF(INDEX('Attendance'!$E$2:$AR$1000,0,ROW()-1),"ABSENT")) | E7: =IF($A7="","",IFERROR(C7/(C7+D7),"")) | F7: =IF(INDEX('Meetings'!$E:$E,ROW())="","",INDEX('Meetings'!$E:$E,ROW()))
A8: =IF(INDEX('Meetings'!$A:$A,ROW())="","",INDEX('Meetings'!$A:$A,ROW())) | B8: =IF(INDEX('Meetings'!$A:$A,ROW())="","",INDEX('Meetings'!$B:$B,ROW())) | C8: =IF($A8="","",COUNTIF(INDEX('Attendance'!$E$2:$AR$1000,0,ROW()-1),"PRESENT")) | D8: =IF($A8="","",COUNTIF(INDEX('Attendance'!$E$2:$AR$1000,0,ROW()-1),"ABSENT")) | E8: =IF($A8="","",IFERROR(C8/(C8+D8),"")) | F8: =IF(INDEX('Meetings'!$E:$E,ROW())="","",INDEX('Meetings'!$E:$E,ROW()))
A9: =IF(INDEX('Meetings'!$A:$A,ROW())="","",INDEX('Meetings'!$A:$A,ROW())) | B9: =IF(INDEX('Meetings'!$A:$A,ROW())="","",INDEX('Meetings'!$B:$B,ROW())) | C9: =IF($A9="","",COUNTIF(INDEX('Attendance'!$E$2:$AR$1000,0,ROW()-1),"PRESENT")) | D9: =IF($A9="","",COUNTIF(INDEX('Attendance'!$E$2:$AR$1000,0,ROW()-1),"ABSENT")) | E9: =IF($A9="","",IFERROR(C9/(C9+D9),"")) | F9: =IF(INDEX('Meetings'!$E:$E,ROW())="","",INDEX('Meetings'!$E:$E,ROW()))
A10: =IF(INDEX('Meetings'!$A:$A,ROW())="","",INDEX('Meetings'!$A:$A,ROW())) | B10: =IF(INDEX('Meetings'!$A:$A,ROW())="","",INDEX('Meetings'!$B:$B,ROW())) | C10: =IF($A10="","",COUNTIF(INDEX('Attendance'!$E$2:$AR$1000,0,ROW()-1),"PRESENT")) | D10: =IF($A10="","",COUNTIF(INDEX('Attendance'!$E$2:$AR$1000,0,ROW()-1),"ABSENT")) | E10: =IF($A10="","",IFERROR(C10/(C10+D10),"")) | F10: =IF(INDEX('Meetings'!$E:$E,ROW())="","",INDEX('Meetings'!$E:$E,ROW()))
A11: =IF(INDEX('Meetings'!$A:$A,ROW())="","",INDEX('Meetings'!$A:$A,ROW())) | B11: =IF(INDEX('Meetings'!$A:$A,ROW())="","",INDEX('Meetings'!$B:$B,ROW())) | C11: =IF($A11="","",COUNTIF(INDEX('Attendance'!$E$2:$AR$1000,0,ROW()-1),"PRESENT")) | D11: =IF($A11="","",COUNTIF(INDEX('Attendance'!$E$2:$AR$1000,0,ROW()-1),"ABSENT")) | E11: =IF($A11="","",IFERROR(C11/(C11+D11),"")) | F11: =IF(INDEX('Meetings'!$E:$E,ROW())="","",INDEX('Meetings'!$E:$E,ROW()))
A12: =IF(INDEX('Meetings'!$A:$A,ROW())="","",INDEX('Meetings'!$A:$A,ROW())) | B12: =IF(INDEX('Meetings'!$A:$A,ROW())="","",INDEX('Meetings'!$B:$B,ROW())) | C12: =IF($A12="","",COUNTIF(INDEX('Attendance'!$E$2:$AR$1000,0,ROW()-1),"PRESENT")) | D12: =IF($A12="","",COUNTIF(INDEX('Attendance'!$E$2:$AR$1000,0,ROW()-1),"ABSENT")) | E12: =IF($A12="","",IFERROR(C12/(C12+D12),"")) | F12: =IF(INDEX('Meetings'!$E:$E,ROW())="","",INDEX('Meetings'!$E:$E,ROW()))
A13: =IF(INDEX('Meetings'!$A:$A,ROW())="","",INDEX('Meetings'!$A:$A,ROW())) | B13: =IF(INDEX('Meetings'!$A:$A,ROW())="","",INDEX('Meetings'!$B:$B,ROW())) | C13: =IF($A13="","",COUNTIF(INDEX('Attendance'!$E$2:$AR$1000,0,ROW()-1),"PRESENT")) | D13: =IF($A13="","",COUNTIF(INDEX('Attendance'!$E$2:$AR$1000,0,ROW()-1),"ABSENT")) | E13: =IF($A13="","",IFERROR(C13/(C13+D13),"")) | F13: =IF(INDEX('Meetings'!$E:$E,ROW())="","",INDEX('Meetings'!$E:$E,ROW()))
... A41: =IF(INDEX('Meetings'!$A:$A,ROW())="","",INDEX('Meetings'!$A:$A,ROW())) | B41: =IF(INDEX('Meetings'!$A:$A,ROW())="","",INDEX('Meetings'!$B:$B,ROW())) | C41: =IF($A41="","",COUNTIF(INDEX('Attendance'!$E$2:$AR$1000,0,ROW()-1),"PRESENT")) | D41: =IF($A41="","",COUNTIF(INDEX('Attendance'!$E$2:$AR$1000,0,ROW()-1),"ABSENT")) | E41: =IF($A41="","",IFERROR(C41/(C41+D41),"")) | F41: =IF(INDEX('Meetings'!$E:$E,ROW())="","",INDEX('Meetings'!$E:$E,ROW()))

Sheet Responses
A1: Timestamp | B1: Email | C1: Meeting | D1: Result | E1: Reason

Sheet Registrations
A1: Timestamp | B1: Email | C1: Student ID | D1: Result | E1: Details | F1: Name | G1: Class

Sheet Marks
A1: ID | E1: 1 | F1: 2 | G1: 3 | H1: 4 | I1: 5 | J1: 6 | K1: 7 | L1: 8 | M1: 9 | N1: 10 | O1: 11 | P1: 12 | Q1: 13 | R1: 14 | S1: 15 | T1: 16 | U1: 17 | V1: 18 | W1: 19 | X1: 20 | Y1: 21 | Z1: 22 | AA1: 23 | AB1: 24 | AC1: 25 | AD1: 26 | AE1: 27 | AF1: 28 | AG1: 29 | AH1: 30 | AI1: 31 | AJ1: 32 | AK1: 33 | AL1: 34 | AM1: 35 | AN1: 36 | AO1: 37 | AP1: 38 | AQ1: 39 | AR1: 40
